cycle_id,plaque,vehicule,km_cycle,litres,L_100km,saison,route_dominante,age_vehicule
A1795_1,A1795,Toyota Hardtop 2020,356,23.55,6.61,seche,urbaine,4.5
A1795_2,A1795,Toyota Hardtop 2020,194,41.64,21.46,pluies,urbaine,4.5
A1795_3,A1795,Toyota Hardtop 2020,253,35.39,13.99,pluies,urbaine,4.5
A1795_4,A1795,Toyota Hardtop 2020,457,43.12,9.43,pluies,urbaine,4.5
A1795_5,A1795,Toyota Hardtop 2020,352,41.0,11.65,pluies,urbaine,4.5
A1795_6,A1795,Toyota Hardtop 2020,191,16.13,8.44,pluies,urbaine,4.5
A1795_7,A1795,Toyota Hardtop 2020,213,38.99,18.31,pluies,urbaine,4.5
A1795_8,A1795,Toyota Hardtop 2020,106,14.69,13.86,pluies,urbaine,4.5
A1795_9,A1795,Toyota Hardtop 2020,301,41.07,13.65,pluies,urbaine,4.5
A1795_10,A1795,Toyota Hardtop 2020,180,26.42,14.68,pluies,urbaine,4.5
A4286_2,A4286,Toyota Prado 2020,255,36.11,14.16,pluies,urbaine,4.5
A4286_3,A4286,Toyota Prado 2020,222,12.83,5.78,pluies,urbaine,4.5
A4286_5,A4286,Toyota Prado 2020,178,31.72,17.82,pluies,urbaine,4.5
A4286_6,A4286,Toyota Prado 2020,566,34.52,6.1,pluies,urbaine,4.5
A4286_7,A4286,Toyota Prado 2020,288,36.6,12.71,pluies,urbaine,4.5
A4286_8,A4286,Toyota Prado 2020,207,35.36,17.08,pluies,urbaine,4.5
A4286_9,A4286,Toyota Prado 2020,220,43.38,19.72,pluies,urbaine,4.5
A4286_10,A4286,Toyota Prado 2020,190,39.07,20.56,pluies,urbaine,4.5
A4286_11,A4286,Toyota Prado 2020,159,34.41,21.64,seche,urbaine,4.5
A4286_12,A4286,Toyota Prado 2020,197,39.25,19.93,seche,urbaine,4.5
A4286_13,A4286,Toyota Prado 2020,240,40.73,16.97,seche,urbaine,4.5
A4286_14,A4286,Toyota Prado 2020,220,37.51,17.05,seche,urbaine,4.5
A4286_15,A4286,Toyota Prado 2020,204,36.95,18.11,seche,urbaine,4.5
A4286_16,A4286,Toyota Prado 2020,202,30.13,14.92,seche,urbaine,4.5
A4286_17,A4286,Toyota Prado 2020,214,31.12,14.54,seche,urbaine,4.5
A4286_18,A4286,Toyota Prado 2020,161,26.8,16.65,seche,urbaine,4.5
A4286_19,A4286,Toyota Prado 2020,250,31.15,12.46,seche,urbaine,4.5
A4286_20,A4286,Toyota Prado 2020,157,34.71,22.11,seche,urbaine,4.5
A4286_21,A4286,Toyota Prado 2020,193,35.09,18.18,seche,urbaine,4.5
A610370_2,A610370,Toyota Hardtop 2020,263,69.08,26.27,pluies,urbaine,4.5
A610370_3,A610370,Toyota Hardtop 2020,356,45.42,12.76,pluies,urbaine,4.5
A610370_4,A610370,Toyota Hardtop 2020,495,56.78,11.47,pluies,urbaine,4.5
A610370_5,A610370,Toyota Hardtop 2020,405,56.78,14.02,seche,urbaine,4.5
A610373_2,A610373,Toyota Hardtop 2020,291,74.72,25.68,pluies,urbaine,4.5
A610373_3,A610373,Toyota Hardtop 2020,404,53.0,13.12,pluies,urbaine,4.5
A610373_4,A610373,Toyota Hardtop 2020,1074,65.34,6.08,seche,mixte,4.5
A610373_5,A610373,Toyota Hardtop 2020,345,55.34,16.04,seche,urbaine,4.5
A610374_2,A610374,Toyota Hardtop 2020,128,56.14,43.86,pluies,urbaine,4.5
A610374_3,A610374,Toyota Hardtop 2020,238,29.45,12.37,pluies,urbaine,4.5
A610374_4,A610374,Toyota Hardtop 2020,673,93.31,13.86,pluies,urbaine,4.5
A610374_6,A610374,Toyota Hardtop 2020,343,49.66,14.48,seche,urbaine,4.5
A610374_7,A610374,Toyota Hardtop 2020,58,10.33,17.82,seche,urbaine,4.5
A610374_9,A610374,Toyota Hardtop 2020,936,76.01,8.12,seche,mixte,4.5
A610374_10,A610374,Toyota Hardtop 2020,532,68.59,12.89,seche,urbaine,4.5
A610374_11,A610374,Toyota Hardtop 2020,390,53.0,13.59,seche,urbaine,4.5
A610374_12,A610374,Toyota Hardtop 2020,386,57.69,14.95,seche,urbaine,4.5
A610374_13,A610374,Toyota Hardtop 2020,347,45.95,13.24,seche,urbaine,4.5
A610374_14,A610374,Toyota Hardtop 2020,1128,60.57,5.37,seche,urbaine,4.5
A610374_16,A610374,Toyota Hardtop 2020,963,63.71,6.62,seche,urbaine,4.5
A610374_17,A610374,Toyota Hardtop 2020,602,88.2,14.65,pluies,urbaine,4.5
A610374_19,A610374,Toyota Hardtop 2020,1202,109.78,9.13,pluies,piste,4.5
A610374_20,A610374,Toyota Hardtop 2020,649,37.4,5.76,pluies,urbaine,4.5
A610374_21,A610374,Toyota Hardtop 2020,295,98.31,33.32,pluies,urbaine,4.5
A610374_22,A610374,Toyota Hardtop 2020,571,94.64,16.57,pluies,piste,4.5
A610374_23,A610374,Toyota Hardtop 2020,661,79.49,12.03,pluies,piste,4.5
A610374_24,A610374,Toyota Hardtop 2020,608,92.74,15.25,pluies,urbaine,4.5
A610374_25,A610374,Toyota Hardtop 2020,431,81.39,18.88,pluies,urbaine,4.5
A610374_26,A610374,Toyota Hardtop 2020,971,97.7,10.06,pluies,urbaine,4.5
A610374_27,A610374,Toyota Hardtop 2020,351,41.53,11.83,pluies,urbaine,4.5
A610374_28,A610374,Toyota Hardtop 2020,574,40.2,7.0,pluies,urbaine,4.5
A610374_29,A610374,Toyota Hardtop 2020,359,38.69,10.78,pluies,mixte,4.5
A610374_30,A610374,Toyota Hardtop 2020,288,67.49,23.44,pluies,urbaine,4.5
A610374_31,A610374,Toyota Hardtop 2020,501,68.67,13.71,pluies,urbaine,4.5
A610374_32,A610374,Toyota Hardtop 2020,286,37.17,13.0,pluies,urbaine,4.5
A610374_33,A610374,Toyota Hardtop 2020,321,56.78,17.69,pluies,piste,4.5
A610374_34,A610374,Toyota Hardtop 2020,897,79.49,8.86,pluies,urbaine,4.5
A610374_36,A610374,Toyota Hardtop 2020,370,48.45,13.1,pluies,urbaine,4.5
A610374_37,A610374,Toyota Hardtop 2020,496,73.7,14.86,pluies,urbaine,4.5
A610374_38,A610374,Toyota Hardtop 2020,235,53.87,22.92,pluies,piste,4.5
A610374_39,A610374,Toyota Hardtop 2020,239,45.84,19.18,pluies,urbaine,4.5
A610374_40,A610374,Toyota Hardtop 2020,499,75.78,15.19,pluies,urbaine,4.5
A610374_41,A610374,Toyota Hardtop 2020,445,67.76,15.23,pluies,urbaine,4.5
A610374_42,A610374,Toyota Hardtop 2020,513,69.88,13.62,pluies,urbaine,4.5
A610374_43,A610374,Toyota Hardtop 2020,993,70.37,7.09,pluies,urbaine,4.5
A610374_44,A610374,Toyota Hardtop 2020,403,61.97,15.38,pluies,urbaine,4.5
A610374_45,A610374,Toyota Hardtop 2020,642,76.39,11.9,pluies,urbaine,4.5
A610374_46,A610374,Toyota Hardtop 2020,497,66.17,13.31,seche,urbaine,4.5
A610374_48,A610374,Toyota Hardtop 2020,155,73.02,47.11,seche,urbaine,4.5
A610374_49,A610374,Toyota Hardtop 2020,544,71.05,13.06,seche,urbaine,4.5
A610374_50,A610374,Toyota Hardtop 2020,632,71.92,11.38,seche,urbaine,4.5
A610374_51,A610374,Toyota Hardtop 2020,432,80.14,18.55,seche,urbaine,4.5
A610374_52,A610374,Toyota Hardtop 2020,446,61.82,13.86,seche,urbaine,4.5
A610374_55,A610374,Toyota Hardtop 2020,426,65.64,15.41,seche,urbaine,4.5
A610374_56,A610374,Toyota Hardtop 2020,418,65.75,15.73,seche,urbaine,4.5
A610374_57,A610374,Toyota Hardtop 2020,820,107.73,13.14,seche,urbaine,4.5
A610374_58,A610374,Toyota Hardtop 2020,551,64.35,11.68,seche,urbaine,4.5
A610374_59,A610374,Toyota Hardtop 2020,301,54.51,18.11,seche,urbaine,4.5
A610374_60,A610374,Toyota Hardtop 2020,433,62.65,14.47,pluies,mixte,4.5
A610374_61,A610374,Toyota Hardtop 2020,1079,78.55,7.28,pluies,urbaine,4.5
A610374_62,A610374,Toyota Hardtop 2020,395,71.2,18.03,pluies,urbaine,4.5
A610374_63,A610374,Toyota Hardtop 2020,661,87.63,13.26,pluies,urbaine,4.5
A610374_64,A610374,Toyota Hardtop 2020,285,53.03,18.61,pluies,urbaine,4.5
A610374_65,A610374,Toyota Hardtop 2020,305,60.72,19.91,pluies,urbaine,4.5
A610374_66,A610374,Toyota Hardtop 2020,266,38.8,14.59,pluies,urbaine,4.5
A610374_69,A610374,Toyota Hardtop 2020,415,59.54,14.35,pluies,urbaine,4.5
A610374_70,A610374,Toyota Hardtop 2020,839,124.92,14.89,pluies,urbaine,4.5
A610374_73,A610374,Toyota Hardtop 2020,626,90.85,14.51,pluies,urbaine,4.5
A610374_74,A610374,Toyota Hardtop 2020,501,73.89,14.75,pluies,urbaine,4.5
A610374_75,A610374,Toyota Hardtop 2020,92,26.2,28.47,pluies,urbaine,4.5
A610374_78,A610374,Toyota Hardtop 2020,599,84.0,14.02,pluies,urbaine,4.5
A610374_79,A610374,Toyota Hardtop 2020,713,81.39,11.41,pluies,urbaine,4.5
A610374_80,A610374,Toyota Hardtop 2020,334,50.95,15.25,pluies,urbaine,4.5
A610378_1,A610378,Toyota Hardtop 2020,516,77.6,15.04,seche,urbaine,4.5
A610378_2,A610378,Toyota Hardtop 2020,523,64.69,12.37,seche,urbaine,4.5
A610378_3,A610378,Toyota Hardtop 2020,458,67.15,14.66,seche,mixte,4.5
A610378_4,A610378,Toyota Hardtop 2020,608,70.22,11.55,seche,urbaine,4.5
A610378_5,A610378,Toyota Hardtop 2020,504,67.38,13.37,seche,urbaine,4.5
A610378_6,A610378,Toyota Hardtop 2020,258,41.26,15.99,seche,urbaine,4.5
A610378_7,A610378,Toyota Hardtop 2020,352,54.43,15.46,seche,urbaine,4.5
A610378_8,A610378,Toyota Hardtop 2020,598,68.21,11.41,seche,mixte,4.5
A610378_9,A610378,Toyota Hardtop 2020,454,59.85,13.18,seche,urbaine,4.5
A610378_10,A610378,Toyota Hardtop 2020,468,59.24,12.66,seche,urbaine,4.5
A610378_11,A610378,Toyota Hardtop 2020,520,87.06,16.74,seche,mixte,4.5
A610378_12,A610378,Toyota Hardtop 2020,341,42.89,12.58,seche,mixte,4.5
A610378_13,A610378,Toyota Hardtop 2020,266,37.29,14.02,seche,mixte,4.5
A610378_15,A610378,Toyota Hardtop 2020,205,75.71,36.93,seche,urbaine,4.5
A610378_16,A610378,Toyota Hardtop 2020,407,53.0,13.02,seche,urbaine,4.5
A610378_17,A610378,Toyota Hardtop 2020,380,65.0,17.1,pluies,urbaine,4.5
A610378_18,A610378,Toyota Hardtop 2020,360,73.13,20.32,pluies,urbaine,4.5
A610378_19,A610378,Toyota Hardtop 2020,268,58.26,21.74,pluies,mixte,4.5
A610378_20,A610378,Toyota Hardtop 2020,498,71.13,14.28,pluies,urbaine,4.5
A610378_21,A610378,Toyota Hardtop 2020,467,79.91,17.11,pluies,urbaine,4.5
A610378_22,A610378,Toyota Hardtop 2020,419,56.29,13.43,pluies,urbaine,4.5
A610378_23,A610378,Toyota Hardtop 2020,554,71.92,12.98,pluies,urbaine,4.5
A610378_24,A610378,Toyota Hardtop 2020,316,41.64,13.18,pluies,urbaine,4.5
A610378_25,A610378,Toyota Hardtop 2020,484,75.63,15.63,pluies,urbaine,4.5
A610378_26,A610378,Toyota Hardtop 2020,427,70.37,16.48,pluies,urbaine,4.5
A610378_27,A610378,Toyota Hardtop 2020,357,51.07,14.3,pluies,urbaine,4.5
A610378_28,A610378,Toyota Hardtop 2020,562,69.61,12.39,pluies,urbaine,4.5
A610378_29,A610378,Toyota Hardtop 2020,560,69.65,12.44,pluies,urbaine,4.5
A610378_30,A610378,Toyota Hardtop 2020,456,55.99,12.28,pluies,urbaine,4.5
A610378_31,A610378,Toyota Hardtop 2020,177,24.57,13.88,pluies,urbaine,4.5
A610378_33,A610378,Toyota Hardtop 2020,847,53.53,6.32,pluies,urbaine,4.5
A610378_34,A610378,Toyota Hardtop 2020,325,58.86,18.11,pluies,urbaine,4.5
A610378_35,A610378,Toyota Hardtop 2020,483,73.29,15.17,pluies,urbaine,4.5
A610378_36,A610378,Toyota Hardtop 2020,339,58.33,17.21,pluies,urbaine,4.5
A610378_37,A610378,Toyota Hardtop 2020,423,87.37,20.65,pluies,urbaine,4.5
A610378_40,A610378,Toyota Hardtop 2020,272,33.92,12.47,pluies,urbaine,4.5
A610378_42,A610378,Toyota Hardtop 2020,370,49.4,13.35,seche,urbaine,4.5
A610378_45,A610378,Toyota Hardtop 2020,478,79.99,16.73,seche,urbaine,4.5
A610378_46,A610378,Toyota Hardtop 2020,461,71.09,15.42,seche,urbaine,4.5
A610378_48,A610378,Toyota Hardtop 2020,1381,70.26,5.09,seche,urbaine,4.5
A610378_49,A610378,Toyota Hardtop 2020,245,67.87,27.7,pluies,urbaine,4.5
A610378_53,A610378,Toyota Hardtop 2020,520,56.78,10.92,pluies,urbaine,4.5
A610378_56,A610378,Toyota Hardtop 2020,447,65.94,14.75,pluies,mixte,4.5
A610378_57,A610378,Toyota Hardtop 2020,1404,318.09,22.66,pluies,urbaine,4.5
A610378_59,A610378,Toyota Hardtop 2020,1810,105.99,5.86,pluies,urbaine,4.5
A610378_61,A610378,Toyota Hardtop 2020,1005,56.1,5.58,pluies,urbaine,4.5
A610378_62,A610378,Toyota Hardtop 2020,248,43.04,17.35,pluies,urbaine,4.5
A610378_63,A610378,Toyota Hardtop 2020,311,52.54,16.89,pluies,urbaine,4.5
A610379_1,A610379,Toyota Hardtop 2020,511,74.0,14.48,seche,urbaine,4.5
A610379_2,A610379,Toyota Hardtop 2020,420,113.41,27.0,seche,mixte,4.5
A610379_3,A610379,Toyota Hardtop 2020,560,62.69,11.19,seche,piste,4.5
A610379_4,A610379,Toyota Hardtop 2020,1043,67.91,6.51,seche,urbaine,4.5
A610379_5,A610379,Toyota Hardtop 2020,521,69.77,13.39,seche,urbaine,4.5
A610379_7,A610379,Toyota Hardtop 2020,265,45.12,17.03,seche,urbaine,4.5
A610379_8,A610379,Toyota Hardtop 2020,687,45.35,6.6,seche,urbaine,4.5
A610379_9,A610379,Toyota Hardtop 2020,686,103.53,15.09,seche,urbaine,4.5
A610379_10,A610379,Toyota Hardtop 2020,679,90.74,13.36,seche,urbaine,4.5
A610379_11,A610379,Toyota Hardtop 2020,604,56.78,9.4,seche,urbaine,4.5
A610379_15,A610379,Toyota Hardtop 2020,631,73.82,11.7,pluies,urbaine,4.5
A610379_16,A610379,Toyota Hardtop 2020,416,48.79,11.73,pluies,urbaine,4.5
A610379_17,A610379,Toyota Hardtop 2020,497,64.09,12.89,pluies,urbaine,4.5
A610379_19,A610379,Toyota Hardtop 2020,293,38.95,13.29,pluies,urbaine,4.5
A610379_21,A610379,Toyota Hardtop 2020,807,79.38,9.84,pluies,urbaine,4.5
A610379_22,A610379,Toyota Hardtop 2020,988,85.97,8.7,pluies,urbaine,4.5
A610379_23,A610379,Toyota Hardtop 2020,95,53.94,56.78,pluies,urbaine,4.5
A610379_24,A610379,Toyota Hardtop 2020,260,15.44,5.94,pluies,mixte,4.5
A610379_26,A610379,Toyota Hardtop 2020,622,90.85,14.61,pluies,urbaine,4.5
A610379_27,A610379,Toyota Hardtop 2020,1650,91.08,5.52,pluies,urbaine,4.5
A610379_28,A610379,Toyota Hardtop 2020,476,67.99,14.28,pluies,urbaine,4.5
A610379_29,A610379,Toyota Hardtop 2020,781,93.69,12.0,pluies,urbaine,4.5
A610379_30,A610379,Toyota Hardtop 2020,619,83.28,13.45,pluies,urbaine,4.5
A610379_31,A610379,Toyota Hardtop 2020,623,87.06,13.98,pluies,urbaine,4.5
A610379_33,A610379,Toyota Hardtop 2020,305,46.03,15.09,seche,urbaine,4.5
A610379_36,A610379,Toyota Hardtop 2020,460,71.09,15.45,seche,urbaine,4.5
A610379_37,A610379,Toyota Hardtop 2020,553,66.51,12.03,seche,urbaine,4.5
A610379_38,A610379,Toyota Hardtop 2020,637,90.77,14.25,seche,urbaine,4.5
A610379_39,A610379,Toyota Hardtop 2020,747,158.99,21.28,seche,urbaine,4.5
A610379_40,A610379,Toyota Hardtop 2020,362,64.35,17.78,seche,urbaine,4.5
A610379_41,A610379,Toyota Hardtop 2020,1149,71.96,6.26,seche,urbaine,4.5
A610379_42,A610379,Toyota Hardtop 2020,620,78.55,12.67,pluies,urbaine,4.5
A610379_43,A610379,Toyota Hardtop 2020,496,79.49,16.03,pluies,urbaine,4.5
A610379_44,A610379,Toyota Hardtop 2020,714,102.21,14.31,pluies,urbaine,4.5
A610379_45,A610379,Toyota Hardtop 2020,743,103.53,13.93,pluies,urbaine,4.5
A610379_46,A610379,Toyota Hardtop 2020,213,32.63,15.32,pluies,urbaine,4.5
A610379_47,A610379,Toyota Hardtop 2020,262,27.86,10.63,pluies,mixte,4.5
A610379_48,A610379,Toyota Hardtop 2020,444,54.55,12.29,pluies,piste,4.5
A610379_49,A610379,Toyota Hardtop 2020,658,90.85,13.81,pluies,urbaine,4.5
A610379_50,A610379,Toyota Hardtop 2020,376,62.69,16.67,pluies,urbaine,4.5
A610379_51,A610379,Toyota Hardtop 2020,602,67.49,11.21,pluies,urbaine,4.5
A610379_52,A610379,Toyota Hardtop 2020,510,72.38,14.19,pluies,urbaine,4.5
A610379_53,A610379,Toyota Hardtop 2020,633,81.42,12.86,pluies,urbaine,4.5
A610379_54,A610379,Toyota Hardtop 2020,675,95.58,14.16,pluies,urbaine,4.5
A610379_55,A610379,Toyota Hardtop 2020,946,73.02,7.72,pluies,urbaine,4.5
A610379_56,A610379,Toyota Hardtop 2020,413,60.68,14.69,pluies,urbaine,4.5
A610379_57,A610379,Toyota Hardtop 2020,1178,85.55,7.26,pluies,urbaine,4.5
A610379_58,A610379,Toyota Hardtop 2020,591,84.53,14.3,pluies,urbaine,4.5
A610379_59,A610379,Toyota Hardtop 2020,763,90.85,11.91,pluies,urbaine,4.5
A610379_60,A610379,Toyota Hardtop 2020,145,18.17,12.53,pluies,urbaine,4.5
A610379_62,A610379,Toyota Hardtop 2020,1420,72.3,5.09,pluies,urbaine,4.5
A610379_64,A610379,Toyota Hardtop 2020,1325,68.14,5.14,pluies,urbaine,4.5
A610379_65,A610379,Toyota Hardtop 2020,895,87.41,9.77,seche,urbaine,4.5
A610379_66,A610379,Toyota Hardtop 2020,386,67.12,17.39,seche,urbaine,4.5
A610388_2,A610388,Toyota Hardtop 2020,207,56.78,27.43,pluies,urbaine,4.5
A610388_3,A610388,Toyota Hardtop 2020,357,52.92,14.82,pluies,urbaine,4.5
A610388_4,A610388,Toyota Hardtop 2020,415,49.21,11.86,seche,urbaine,4.5
A610388_5,A610388,Toyota Hardtop 2020,159,19.57,12.31,seche,urbaine,4.5
A610620_1,A610620,Toyota Hardtop 2024,320,56.52,17.66,seche,urbaine,0.5
A610620_2,A610620,Toyota Hardtop 2024,553,96.94,17.53,seche,urbaine,0.5
A610620_3,A610620,Toyota Hardtop 2024,418,81.95,19.61,seche,urbaine,0.5
A610620_4,A610620,Toyota Hardtop 2024,1032,75.71,7.34,seche,urbaine,0.5
A610620_5,A610620,Toyota Hardtop 2024,464,102.47,22.08,seche,urbaine,0.5
A610620_6,A610620,Toyota Hardtop 2024,552,108.91,19.73,pluies,urbaine,0.5
A610620_7,A610620,Toyota Hardtop 2024,398,37.78,9.49,pluies,urbaine,0.5
A610620_8,A610620,Toyota Hardtop 2024,533,103.8,19.47,pluies,urbaine,0.5
A610620_9,A610620,Toyota Hardtop 2024,559,107.73,19.27,pluies,urbaine,0.5
A610620_10,A610620,Toyota Hardtop 2024,333,82.18,24.68,pluies,urbaine,0.5
A610620_11,A610620,Toyota Hardtop 2024,480,93.5,19.48,pluies,urbaine,0.5
A610620_12,A610620,Toyota Hardtop 2024,494,88.54,17.92,pluies,urbaine,0.5
A610620_13,A610620,Toyota Hardtop 2024,399,98.0,24.56,pluies,urbaine,0.5
A610620_14,A610620,Toyota Hardtop 2024,257,90.62,35.26,pluies,urbaine,0.5
A610620_15,A610620,Toyota Hardtop 2024,280,75.71,27.04,pluies,urbaine,0.5
A610620_16,A610620,Toyota Hardtop 2024,203,87.06,42.89,pluies,urbaine,0.5
A610620_17,A610620,Toyota Hardtop 2024,224,103.95,46.41,seche,urbaine,0.5
A610620_18,A610620,Toyota Hardtop 2024,449,114.09,25.41,seche,urbaine,0.5
A610620_19,A610620,Toyota Hardtop 2024,345,63.25,18.33,seche,urbaine,0.5
A610620_20,A610620,Toyota Hardtop 2024,354,108.34,30.6,seche,urbaine,0.5
A610620_21,A610620,Toyota Hardtop 2024,159,56.78,35.71,seche,urbaine,0.5
A610620_22,A610620,Toyota Hardtop 2024,354,73.4,20.73,seche,urbaine,0.5
A610620_23,A610620,Toyota Hardtop 2024,347,81.2,23.4,seche,urbaine,0.5
A610620_24,A610620,Toyota Hardtop 2024,357,69.35,19.43,seche,urbaine,0.5
A610620_25,A610620,Toyota Hardtop 2024,500,72.68,14.54,seche,urbaine,0.5
A610620_26,A610620,Toyota Hardtop 2024,327,90.89,27.79,pluies,urbaine,0.5
A610620_27,A610620,Toyota Hardtop 2024,269,65.53,24.36,pluies,urbaine,0.5
A610620_28,A610620,Toyota Hardtop 2024,285,70.67,24.8,pluies,urbaine,0.5
A610620_29,A610620,Toyota Hardtop 2024,230,76.96,33.46,pluies,urbaine,0.5
A610620_30,A610620,Toyota Hardtop 2024,225,54.32,24.14,pluies,urbaine,0.5
A610620_31,A610620,Toyota Hardtop 2024,309,89.87,29.08,pluies,urbaine,0.5
A610620_32,A610620,Toyota Hardtop 2024,374,81.46,21.78,pluies,urbaine,0.5
A610620_33,A610620,Toyota Hardtop 2024,318,100.39,31.57,pluies,urbaine,0.5
A610620_34,A610620,Toyota Hardtop 2024,301,88.88,29.53,pluies,urbaine,0.5
A610620_35,A610620,Toyota Hardtop 2024,362,87.67,24.22,seche,urbaine,0.5
A614630_1,A614630,Toyota Hardtop 2024,511,72.91,14.27,seche,urbaine,0.5
A614630_2,A614630,Toyota Hardtop 2024,443,59.85,13.51,seche,urbaine,0.5
A614630_3,A614630,Toyota Hardtop 2024,1188,65.34,5.5,seche,urbaine,0.5
A614630_4,A614630,Toyota Hardtop 2024,287,42.7,14.88,pluies,urbaine,0.5
A614630_5,A614630,Toyota Hardtop 2024,474,54.24,11.44,pluies,mixte,0.5
A614631_2,A614631,Toyota Hardtop 2024,396,48.34,12.21,seche,urbaine,0.5
A614631_3,A614631,Toyota Hardtop 2024,539,67.53,12.53,seche,urbaine,0.5
A614631_6,A614631,Toyota Hardtop 2024,494,67.57,13.68,pluies,urbaine,0.5
A614631_7,A614631,Toyota Hardtop 2024,329,47.96,14.58,pluies,urbaine,0.5
A614631_8,A614631,Toyota Hardtop 2024,333,44.29,13.3,pluies,urbaine,0.5
A614631_11,A614631,Toyota Hardtop 2024,185,33.08,17.88,pluies,urbaine,0.5
A614631_14,A614631,Toyota Hardtop 2024,398,45.16,11.35,pluies,urbaine,0.5
A614631_15,A614631,Toyota Hardtop 2024,350,41.3,11.8,pluies,mixte,0.5
A614631_16,A614631,Toyota Hardtop 2024,309,37.13,12.02,pluies,mixte,0.5
A614631_17,A614631,Toyota Hardtop 2024,294,67.0,22.79,pluies,urbaine,0.5
A614631_18,A614631,Toyota Hardtop 2024,329,35.32,10.73,pluies,urbaine,0.5
A614631_19,A614631,Toyota Hardtop 2024,471,57.65,12.24,pluies,mixte,0.5
A614631_20,A614631,Toyota Hardtop 2024,423,51.25,12.12,pluies,urbaine,0.5
A614631_21,A614631,Toyota Hardtop 2024,252,35.24,13.98,pluies,urbaine,0.5
A614631_22,A614631,Toyota Hardtop 2024,667,73.97,11.09,pluies,piste,0.5
A614631_23,A614631,Toyota Hardtop 2024,616,69.73,11.32,pluies,urbaine,0.5
A614631_24,A614631,Toyota Hardtop 2024,234,24.98,10.68,pluies,urbaine,0.5
A614631_26,A614631,Toyota Hardtop 2024,259,27.29,10.54,pluies,mixte,0.5
A614631_29,A614631,Toyota Hardtop 2024,777,211.98,27.28,pluies,urbaine,0.5
A614631_30,A614631,Toyota Hardtop 2024,256,29.64,11.58,pluies,mixte,0.5
A614631_32,A614631,Toyota Hardtop 2024,391,56.78,14.52,pluies,urbaine,0.5
A61512_1,A61512,Toyota Hardtop 2020,367,79.15,21.57,pluies,urbaine,4.5
A61512_2,A61512,Toyota Hardtop 2020,472,71.88,15.23,pluies,urbaine,4.5
A61512_3,A61512,Toyota Hardtop 2020,415,59.17,14.26,pluies,urbaine,4.5
A61512_4,A61512,Toyota Hardtop 2020,371,63.82,17.2,pluies,urbaine,4.5
A61512_5,A61512,Toyota Hardtop 2020,545,102.74,18.85,pluies,urbaine,4.5
A61512_6,A61512,Toyota Hardtop 2020,508,78.47,15.45,pluies,urbaine,4.5
A61512_7,A61512,Toyota Hardtop 2020,349,62.01,17.77,pluies,urbaine,4.5
A61512_8,A61512,Toyota Hardtop 2020,300,67.91,22.64,pluies,urbaine,4.5
A61512_9,A61512,Toyota Hardtop 2020,173,30.06,17.37,seche,urbaine,4.5
A61512_10,A61512,Toyota Hardtop 2020,302,53.22,17.62,seche,urbaine,4.5
A61512_11,A61512,Toyota Hardtop 2020,608,41.72,6.86,seche,urbaine,4.5
A61512_12,A61512,Toyota Hardtop 2020,432,43.34,10.03,seche,urbaine,4.5
A615920_1,A615920,Toyota Hardtop 2024,239,32.4,13.56,pluies,urbaine,0.5
A615920_2,A615920,Toyota Hardtop 2024,512,64.88,12.67,pluies,mixte,0.5
A64592_2,A64592,Toyota Hardtop 2020,255,36.57,14.34,seche,mixte,4.5
A64592_3,A64592,Toyota Hardtop 2020,2228,211.0,9.47,pluies,piste,4.5
A64592_4,A64592,Toyota Hardtop 2020,1145,61.7,5.39,pluies,urbaine,4.5
A64592_5,A64592,Toyota Hardtop 2020,157,22.71,14.47,pluies,urbaine,4.5
A64592_6,A64592,Toyota Hardtop 2020,340,56.78,16.7,pluies,piste,4.5
A64592_7,A64592,Toyota Hardtop 2020,336,37.85,11.27,pluies,mixte,4.5
A64592_9,A64592,Toyota Hardtop 2020,968,92.97,9.6,pluies,urbaine,4.5
A64592_10,A64592,Toyota Hardtop 2020,537,75.71,14.1,pluies,urbaine,4.5
A64592_11,A64592,Toyota Hardtop 2020,358,62.99,17.59,pluies,urbaine,4.5
A64592_12,A64592,Toyota Hardtop 2020,641,92.86,14.49,pluies,urbaine,4.5
A64592_13,A64592,Toyota Hardtop 2020,583,88.16,15.12,pluies,urbaine,4.5
A64592_14,A64592,Toyota Hardtop 2020,380,72.87,19.18,pluies,urbaine,4.5
A64592_15,A64592,Toyota Hardtop 2020,652,97.17,14.9,pluies,urbaine,4.5
A64592_16,A64592,Toyota Hardtop 2020,260,34.52,13.28,pluies,mixte,4.5
A64592_17,A64592,Toyota Hardtop 2020,1557,78.51,5.04,pluies,piste,4.5
A64592_18,A64592,Toyota Hardtop 2020,544,90.13,16.57,pluies,urbaine,4.5
A64592_20,A64592,Toyota Hardtop 2020,401,67.68,16.88,pluies,urbaine,4.5
A64592_21,A64592,Toyota Hardtop 2020,342,46.37,13.56,pluies,urbaine,4.5
A64592_22,A64592,Toyota Hardtop 2020,227,47.32,20.84,pluies,urbaine,4.5
A64592_23,A64592,Toyota Hardtop 2020,614,75.37,12.27,pluies,urbaine,4.5
A64592_24,A64592,Toyota Hardtop 2020,224,46.75,20.87,pluies,urbaine,4.5
A64592_25,A64592,Toyota Hardtop 2020,347,45.92,13.23,pluies,urbaine,4.5
A64592_26,A64592,Toyota Hardtop 2020,370,51.56,13.93,pluies,mixte,4.5
A64592_27,A64592,Toyota Hardtop 2020,361,59.28,16.42,pluies,mixte,4.5
A64592_28,A64592,Toyota Hardtop 2020,418,79.12,18.93,pluies,mixte,4.5
A64592_29,A64592,Toyota Hardtop 2020,500,78.4,15.68,pluies,urbaine,4.5
A64592_30,A64592,Toyota Hardtop 2020,568,83.28,14.66,pluies,urbaine,4.5
A64592_31,A64592,Toyota Hardtop 2020,1340,78.93,5.89,seche,urbaine,4.5
A64592_32,A64592,Toyota Hardtop 2020,220,25.55,11.61,seche,urbaine,4.5
A64592_34,A64592,Toyota Hardtop 2020,305,30.21,9.9,pluies,urbaine,4.5
A64592_35,A64592,Toyota Hardtop 2020,186,82.82,44.53,pluies,urbaine,4.5
A64592_36,A64592,Toyota Hardtop 2020,560,80.36,14.35,pluies,urbaine,4.5
A64592_37,A64592,Toyota Hardtop 2020,398,52.66,13.23,pluies,urbaine,4.5
A64592_38,A64592,Toyota Hardtop 2020,655,81.31,12.41,pluies,urbaine,4.5
A64592_40,A64592,Toyota Hardtop 2020,1100,76.92,6.99,pluies,urbaine,4.5
A64592_41,A64592,Toyota Hardtop 2020,438,71.92,16.42,pluies,urbaine,4.5
A64592_42,A64592,Toyota Hardtop 2020,219,30.4,13.88,pluies,urbaine,4.5
A64592_43,A64592,Toyota Hardtop 2020,488,70.3,14.4,pluies,urbaine,4.5
A64592_44,A64592,Toyota Hardtop 2020,135,58.56,43.38,pluies,urbaine,4.5
A64592_45,A64592,Toyota Hardtop 2020,577,70.98,12.3,pluies,urbaine,4.5
A64592_46,A64592,Toyota Hardtop 2020,414,48.95,11.82,pluies,urbaine,4.5
A64592_47,A64592,Toyota Hardtop 2020,348,44.89,12.9,pluies,mixte,4.5
A64592_48,A64592,Toyota Hardtop 2020,388,56.89,14.66,pluies,mixte,4.5
A64592_49,A64592,Toyota Hardtop 2020,275,45.77,16.64,pluies,mixte,4.5
A64592_50,A64592,Toyota Hardtop 2020,442,61.21,13.85,pluies,mixte,4.5
A64592_51,A64592,Toyota Hardtop 2020,540,76.09,14.09,pluies,mixte,4.5
A64592_52,A64592,Toyota Hardtop 2020,457,69.99,15.32,seche,mixte,4.5
A64592_53,A64592,Toyota Hardtop 2020,486,70.71,14.55,seche,mixte,4.5
A64592_54,A64592,Toyota Hardtop 2020,613,82.48,13.46,seche,urbaine,4.5
A64592_55,A64592,Toyota Hardtop 2020,622,72.6,11.67,seche,urbaine,4.5
A64592_56,A64592,Toyota Hardtop 2020,1275,78.36,6.15,seche,urbaine,4.5
A64592_57,A64592,Toyota Hardtop 2020,293,72.6,24.78,seche,urbaine,4.5
A64592_58,A64592,Toyota Hardtop 2020,239,33.84,14.16,seche,urbaine,4.5
A64592_59,A64592,Toyota Hardtop 2020,363,63.14,17.39,seche,urbaine,4.5
A64592_61,A64592,Toyota Hardtop 2020,289,37.85,13.1,seche,urbaine,4.5
A64592_62,A64592,Toyota Hardtop 2020,455,96.68,21.25,pluies,urbaine,4.5
A64592_63,A64592,Toyota Hardtop 2020,337,50.35,14.94,pluies,mixte,4.5
A64592_64,A64592,Toyota Hardtop 2020,559,70.6,12.63,pluies,mixte,4.5
A64592_66,A64592,Toyota Hardtop 2020,194,24.19,12.47,pluies,mixte,4.5
A64592_67,A64592,Toyota Hardtop 2020,1116,75.03,6.72,pluies,urbaine,4.5
A64592_68,A64592,Toyota Hardtop 2020,480,67.04,13.97,pluies,mixte,4.5
A64592_69,A64592,Toyota Hardtop 2020,367,40.09,10.92,pluies,mixte,4.5
A64592_70,A64592,Toyota Hardtop 2020,614,89.15,14.52,pluies,urbaine,4.5
A65321_1,A65321,Toyota Hardtop 2020,343,61.89,18.04,pluies,urbaine,4.5
A65321_2,A65321,Toyota Hardtop 2020,186,32.9,17.69,pluies,urbaine,4.5
A65321_3,A65321,Toyota Hardtop 2020,287,51.9,18.08,pluies,urbaine,4.5
A65321_4,A65321,Toyota Hardtop 2020,325,55.91,17.2,pluies,urbaine,4.5
A65321_5,A65321,Toyota Hardtop 2020,272,58.07,21.35,pluies,urbaine,4.5
A65321_6,A65321,Toyota Hardtop 2020,264,47.81,18.11,pluies,urbaine,4.5
A65321_7,A65321,Toyota Hardtop 2020,323,68.14,21.1,pluies,urbaine,4.5
A65321_8,A65321,Toyota Hardtop 2020,330,42.36,12.84,pluies,urbaine,4.5
A65321_9,A65321,Toyota Hardtop 2020,443,50.38,11.37,pluies,urbaine,4.5
A65321_10,A65321,Toyota Hardtop 2020,431,51.9,12.04,pluies,urbaine,4.5
A65321_11,A65321,Toyota Hardtop 2020,186,35.05,18.85,pluies,urbaine,4.5
A65321_12,A65321,Toyota Hardtop 2020,358,61.66,17.22,pluies,urbaine,4.5
A65321_13,A65321,Toyota Hardtop 2020,180,29.98,16.66,pluies,urbaine,4.5
A65321_14,A65321,Toyota Hardtop 2020,280,58.3,20.82,pluies,urbaine,4.5
A65321_15,A65321,Toyota Hardtop 2020,446,45.24,10.14,pluies,urbaine,4.5
A65321_16,A65321,Toyota Hardtop 2020,329,50.72,15.42,pluies,urbaine,4.5
A65321_17,A65321,Toyota Hardtop 2020,350,53.83,15.38,pluies,urbaine,4.5
A65321_18,A65321,Toyota Hardtop 2020,328,52.77,16.09,pluies,urbaine,4.5
A65321_19,A65321,Toyota Hardtop 2020,267,44.78,16.77,pluies,urbaine,4.5
A65321_20,A65321,Toyota Hardtop 2020,380,54.43,14.32,seche,urbaine,4.5
A65321_21,A65321,Toyota Hardtop 2020,252,48.87,19.39,seche,urbaine,4.5
A65321_22,A65321,Toyota Hardtop 2020,82,14.57,17.77,seche,urbaine,4.5
A65321_23,A65321,Toyota Hardtop 2020,339,45.2,13.33,seche,urbaine,4.5
A65321_24,A65321,Toyota Hardtop 2020,449,59.73,13.3,seche,urbaine,4.5
A65321_25,A65321,Toyota Hardtop 2020,419,55.53,13.25,seche,urbaine,4.5
A65321_26,A65321,Toyota Hardtop 2020,379,53.45,14.1,seche,urbaine,4.5
A65321_27,A65321,Toyota Hardtop 2020,622,65.79,10.58,seche,urbaine,4.5
A65321_28,A65321,Toyota Hardtop 2020,350,49.74,14.21,seche,mixte,4.5
A65321_29,A65321,Toyota Hardtop 2020,312,68.78,22.05,seche,urbaine,4.5
A65321_30,A65321,Toyota Hardtop 2020,559,66.02,11.81,seche,urbaine,4.5
A65321_31,A65321,Toyota Hardtop 2020,347,48.15,13.88,seche,urbaine,4.5
A65321_32,A65321,Toyota Hardtop 2020,302,60.57,20.06,seche,urbaine,4.5
A65321_34,A65321,Toyota Hardtop 2020,439,74.12,16.88,pluies,urbaine,4.5
A65321_35,A65321,Toyota Hardtop 2020,234,24.53,10.48,pluies,urbaine,4.5
A65321_36,A65321,Toyota Hardtop 2020,277,53.98,19.49,pluies,urbaine,4.5
A65321_37,A65321,Toyota Hardtop 2020,400,61.44,15.36,pluies,urbaine,4.5
A65321_38,A65321,Toyota Hardtop 2020,406,62.84,15.48,pluies,urbaine,4.5
A65321_39,A65321,Toyota Hardtop 2020,294,47.28,16.08,pluies,urbaine,4.5
A65321_40,A65321,Toyota Hardtop 2020,310,55.04,17.75,pluies,urbaine,4.5
A65321_41,A65321,Toyota Hardtop 2020,653,65.26,9.99,pluies,urbaine,4.5
A65321_42,A65321,Toyota Hardtop 2020,386,60.68,15.72,pluies,urbaine,4.5
A65321_43,A65321,Toyota Hardtop 2020,311,52.13,16.76,pluies,urbaine,4.5
A65321_44,A65321,Toyota Hardtop 2020,357,51.18,14.34,pluies,urbaine,4.5
A65321_45,A65321,Toyota Hardtop 2020,428,67.65,15.8,pluies,urbaine,4.5
A65321_46,A65321,Toyota Hardtop 2020,302,62.95,20.84,pluies,urbaine,4.5
A65321_47,A65321,Toyota Hardtop 2020,231,46.94,20.32,pluies,urbaine,4.5
A65321_48,A65321,Toyota Hardtop 2020,173,50.38,29.12,pluies,urbaine,4.5
A65321_49,A65321,Toyota Hardtop 2020,294,54.28,18.46,pluies,urbaine,4.5
A65321_50,A65321,Toyota Hardtop 2020,392,38.76,9.89,pluies,urbaine,4.5
A65321_51,A65321,Toyota Hardtop 2020,362,37.85,10.46,pluies,urbaine,4.5
A65321_52,A65321,Toyota Hardtop 2020,370,63.56,17.18,pluies,urbaine,4.5
A65321_53,A65321,Toyota Hardtop 2020,219,66.43,30.34,seche,urbaine,4.5
A65321_54,A65321,Toyota Hardtop 2020,455,64.77,14.23,seche,urbaine,4.5
A65321_55,A65321,Toyota Hardtop 2020,235,48.42,20.6,seche,urbaine,4.5
A65321_56,A65321,Toyota Hardtop 2020,278,54.74,19.69,seche,urbaine,4.5
A65321_57,A65321,Toyota Hardtop 2020,257,52.58,20.46,seche,urbaine,4.5
A65321_58,A65321,Toyota Hardtop 2020,259,69.12,26.69,seche,urbaine,4.5
A65321_59,A65321,Toyota Hardtop 2020,354,64.39,18.19,seche,urbaine,4.5
A65321_60,A65321,Toyota Hardtop 2020,391,70.26,17.97,seche,urbaine,4.5
A65321_61,A65321,Toyota Hardtop 2020,290,61.44,21.19,seche,urbaine,4.5
A65321_62,A65321,Toyota Hardtop 2020,374,66.06,17.66,seche,urbaine,4.5
A65321_63,A65321,Toyota Hardtop 2020,519,42.02,8.1,pluies,urbaine,4.5
A65321_64,A65321,Toyota Hardtop 2020,259,56.59,21.85,pluies,urbaine,4.5
A65321_66,A65321,Toyota Hardtop 2020,118,14.54,12.32,pluies,urbaine,4.5
A65321_67,A65321,Toyota Hardtop 2020,361,57.99,16.06,pluies,urbaine,4.5
A65321_68,A65321,Toyota Hardtop 2020,182,55.23,30.35,pluies,urbaine,4.5
A65321_69,A65321,Toyota Hardtop 2020,256,42.21,16.49,pluies,urbaine,4.5
A65321_70,A65321,Toyota Hardtop 2020,407,50.27,12.35,pluies,urbaine,4.5
A65321_71,A65321,Toyota Hardtop 2020,566,59.36,10.49,pluies,urbaine,4.5
A65321_72,A65321,Toyota Hardtop 2020,290,48.98,16.89,pluies,urbaine,4.5
A65321_73,A65321,Toyota Hardtop 2020,412,62.04,15.06,pluies,urbaine,4.5
A65321_74,A65321,Toyota Hardtop 2020,324,59.51,18.37,pluies,urbaine,4.5
A65321_75,A65321,Toyota Hardtop 2020,398,57.27,14.39,pluies,urbaine,4.5
A65321_76,A65321,Toyota Hardtop 2020,319,66.85,20.96,pluies,urbaine,4.5
A65321_77,A65321,Toyota Hardtop 2020,311,57.12,18.37,pluies,urbaine,4.5
A65321_78,A65321,Toyota Hardtop 2020,247,44.67,18.08,pluies,urbaine,4.5
A65321_79,A65321,Toyota Hardtop 2020,215,55.95,26.02,pluies,urbaine,4.5
A65321_80,A65321,Toyota Hardtop 2020,420,56.55,13.47,pluies,urbaine,4.5
A65321_81,A65321,Toyota Hardtop 2020,360,57.16,15.88,pluies,urbaine,4.5
A65321_82,A65321,Toyota Hardtop 2020,362,61.63,17.02,seche,urbaine,4.5
A65989_1,A65989,Toyota Hardtop 2020,159,24.23,15.24,seche,urbaine,4.5
A67971_1,A67971,Toyota Fortuner 2020,747,94.37,12.63,seche,mixte,4.5
A67971_2,A67971,Toyota Fortuner 2020,320,40.96,12.8,seche,urbaine,4.5
A67971_3,A67971,Toyota Fortuner 2020,1109,69.31,6.25,seche,mixte,4.5
A67971_4,A67971,Toyota Fortuner 2020,1010,104.74,10.37,pluies,urbaine,4.5
A67971_5,A67971,Toyota Fortuner 2020,555,75.29,13.57,pluies,urbaine,4.5
A67971_6,A67971,Toyota Fortuner 2020,180,41.87,23.26,pluies,urbaine,4.5
A67971_7,A67971,Toyota Fortuner 2020,704,79.8,11.33,pluies,urbaine,4.5
A67971_8,A67971,Toyota Fortuner 2020,676,90.43,13.38,pluies,urbaine,4.5
A67971_9,A67971,Toyota Fortuner 2020,321,49.32,15.37,pluies,mixte,4.5
A67971_10,A67971,Toyota Fortuner 2020,550,73.55,13.37,pluies,urbaine,4.5
A67971_11,A67971,Toyota Fortuner 2020,427,56.78,13.3,pluies,urbaine,4.5
A67971_12,A67971,Toyota Fortuner 2020,1262,85.59,6.78,pluies,urbaine,4.5
A67971_13,A67971,Toyota Fortuner 2020,661,97.89,14.81,pluies,urbaine,4.5
A67971_14,A67971,Toyota Fortuner 2020,407,59.01,14.5,pluies,mixte,4.5
A67971_15,A67971,Toyota Fortuner 2020,499,64.01,12.83,pluies,mixte,4.5
A67971_16,A67971,Toyota Fortuner 2020,194,64.01,33.0,pluies,mixte,4.5
A67971_17,A67971,Toyota Fortuner 2020,383,82.26,21.48,pluies,urbaine,4.5
A67971_18,A67971,Toyota Fortuner 2020,443,83.58,18.87,pluies,urbaine,4.5
A67971_19,A67971,Toyota Fortuner 2020,542,74.53,13.75,pluies,urbaine,4.5
A67971_20,A67971,Toyota Fortuner 2020,624,37.32,5.98,pluies,mixte,4.5
A67971_21,A67971,Toyota Fortuner 2020,342,86.19,25.2,pluies,mixte,4.5
A67971_22,A67971,Toyota Fortuner 2020,520,60.07,11.55,pluies,mixte,4.5
A67971_23,A67971,Toyota Fortuner 2020,479,54.77,11.44,pluies,urbaine,4.5
A67971_24,A67971,Toyota Fortuner 2020,472,48.87,10.35,pluies,urbaine,4.5
A67971_25,A67971,Toyota Fortuner 2020,625,79.95,12.79,pluies,urbaine,4.5
A67971_26,A67971,Toyota Fortuner 2020,469,82.29,17.55,pluies,urbaine,4.5
A67971_27,A67971,Toyota Fortuner 2020,439,67.04,15.27,pluies,urbaine,4.5
A67971_28,A67971,Toyota Fortuner 2020,519,89.07,17.16,pluies,urbaine,4.5
A67971_29,A67971,Toyota Fortuner 2020,738,95.7,12.97,pluies,urbaine,4.5
A67971_30,A67971,Toyota Fortuner 2020,145,22.83,15.74,pluies,urbaine,4.5
A67971_31,A67971,Toyota Fortuner 2020,381,76.58,20.1,pluies,urbaine,4.5
A67971_32,A67971,Toyota Fortuner 2020,263,29.94,11.39,pluies,mixte,4.5
A67971_33,A67971,Toyota Fortuner 2020,1949,102.21,5.24,seche,piste,4.5
A67971_34,A67971,Toyota Fortuner 2020,384,59.81,15.58,seche,mixte,4.5
A67971_35,A67971,Toyota Fortuner 2020,541,91.68,16.95,seche,mixte,4.5
A67971_36,A67971,Toyota Fortuner 2020,657,88.24,13.43,seche,mixte,4.5
A67971_37,A67971,Toyota Fortuner 2020,436,75.94,17.42,seche,urbaine,4.5
A67971_39,A67971,Toyota Fortuner 2020,1089,80.67,7.41,seche,urbaine,4.5
A67971_40,A67971,Toyota Fortuner 2020,602,75.71,12.58,seche,urbaine,4.5
A67971_41,A67971,Toyota Fortuner 2020,389,55.08,14.16,seche,urbaine,4.5
A67971_42,A67971,Toyota Fortuner 2020,578,79.49,13.75,seche,mixte,4.5
A67971_43,A67971,Toyota Fortuner 2020,564,92.36,16.38,pluies,mixte,4.5
A67971_46,A67971,Toyota Fortuner 2020,352,97.36,27.66,pluies,urbaine,4.5
A67971_47,A67971,Toyota Fortuner 2020,483,79.49,16.46,pluies,urbaine,4.5
A67971_49,A67971,Toyota Fortuner 2020,1106,71.32,6.45,pluies,urbaine,4.5
A67971_50,A67971,Toyota Fortuner 2020,384,48.11,12.53,pluies,urbaine,4.5
A67971_51,A67971,Toyota Fortuner 2020,355,53.83,15.16,pluies,urbaine,4.5
A67971_52,A67971,Toyota Fortuner 2020,553,77.11,13.94,pluies,urbaine,4.5
A67971_53,A67971,Toyota Fortuner 2020,734,67.91,9.25,pluies,urbaine,4.5
A67971_54,A67971,Toyota Fortuner 2020,470,56.78,12.08,pluies,urbaine,4.5
A67971_55,A67971,Toyota Fortuner 2020,580,71.92,12.4,pluies,urbaine,4.5
A67971_56,A67971,Toyota Fortuner 2020,559,75.52,13.51,pluies,urbaine,4.5
A67971_57,A67971,Toyota Fortuner 2020,497,66.36,13.35,pluies,urbaine,4.5
A67971_58,A67971,Toyota Fortuner 2020,1064,77.87,7.32,pluies,urbaine,4.5
A67971_61,A67971,Toyota Fortuner 2020,575,80.4,13.98,pluies,urbaine,4.5
A67971_62,A67971,Toyota Fortuner 2020,628,90.09,14.35,seche,urbaine,4.5
A67971_64,A67971,Toyota Fortuner 2020,328,43.91,13.39,seche,mixte,4.5
A67971_65,A67971,Toyota Fortuner 2020,484,65.79,13.59,seche,mixte,4.5
A67971_66,A67971,Toyota Fortuner 2020,545,61.66,11.31,seche,urbaine,4.5
A67971_67,A67971,Toyota Fortuner 2020,391,62.04,15.87,seche,mixte,4.5
A67971_68,A67971,Toyota Fortuner 2020,661,98.65,14.92,seche,mixte,4.5
A67971_69,A67971,Toyota Fortuner 2020,380,61.89,16.29,seche,mixte,4.5
A67971_70,A67971,Toyota Fortuner 2020,536,70.18,13.09,seche,urbaine,4.5
A67971_71,A67971,Toyota Fortuner 2020,551,69.39,12.59,seche,mixte,4.5
A67971_72,A67971,Toyota Fortuner 2020,523,78.21,14.95,seche,urbaine,4.5
A67971_73,A67971,Toyota Fortuner 2020,477,66.81,14.01,pluies,urbaine,4.5
A67971_74,A67971,Toyota Fortuner 2020,391,59.43,15.2,pluies,mixte,4.5
A67971_75,A67971,Toyota Fortuner 2020,473,84.87,17.94,pluies,urbaine,4.5
A67971_77,A67971,Toyota Fortuner 2020,261,32.14,12.31,pluies,mixte,4.5
A67971_79,A67971,Toyota Fortuner 2020,547,107.81,19.71,pluies,piste,4.5
A67971_80,A67971,Toyota Fortuner 2020,447,35.39,7.92,pluies,urbaine,4.5
A67971_81,A67971,Toyota Fortuner 2020,479,69.65,14.54,pluies,urbaine,4.5
A67971_82,A67971,Toyota Fortuner 2020,384,54.85,14.28,pluies,urbaine,4.5
A67971_83,A67971,Toyota Fortuner 2020,366,47.17,12.89,pluies,urbaine,4.5
A68721_2,A68721,Toyota Fortuner 2020,130,53.68,41.29,pluies,urbaine,4.5
A68721_3,A68721,Toyota Fortuner 2020,617,79.49,12.88,pluies,mixte,4.5
A68721_4,A68721,Toyota Fortuner 2020,423,48.68,11.51,pluies,mixte,4.5
A68721_7,A68721,Toyota Fortuner 2020,572,68.93,12.05,seche,urbaine,4.5
A68721_8,A68721,Toyota Fortuner 2020,674,84.98,12.61,seche,urbaine,4.5
A68721_9,A68721,Toyota Fortuner 2020,284,44.97,15.83,seche,mixte,4.5
A68721_10,A68721,Toyota Fortuner 2020,296,41.53,14.03,seche,urbaine,4.5
A68721_11,A68721,Toyota Fortuner 2020,396,58.37,14.74,seche,urbaine,4.5
A68721_12,A68721,Toyota Fortuner 2020,682,81.5,11.95,seche,urbaine,4.5
A68721_13,A68721,Toyota Fortuner 2020,73,18.93,25.93,seche,urbaine,4.5
A68721_14,A68721,Toyota Fortuner 2020,356,45.01,12.64,seche,mixte,4.5
A68721_15,A68721,Toyota Fortuner 2020,624,90.93,14.57,seche,urbaine,4.5
A68721_16,A68721,Toyota Fortuner 2020,643,73.21,11.39,seche,urbaine,4.5
A68721_17,A68721,Toyota Fortuner 2020,419,68.14,16.26,seche,urbaine,4.5
A68721_18,A68721,Toyota Fortuner 2020,295,34.86,11.82,seche,mixte,4.5
A68721_20,A68721,Toyota Fortuner 2020,600,106.03,17.67,seche,urbaine,4.5
A68721_21,A68721,Toyota Fortuner 2020,357,41.72,11.68,seche,urbaine,4.5
A68721_22,A68721,Toyota Fortuner 2020,336,37.97,11.3,seche,urbaine,4.5
A68721_23,A68721,Toyota Fortuner 2020,593,79.49,13.41,seche,urbaine,4.5
A68721_24,A68721,Toyota Fortuner 2020,478,106.03,22.18,seche,mixte,4.5
A68721_26,A68721,Toyota Fortuner 2020,415,56.36,13.58,seche,mixte,4.5
A68721_27,A68721,Toyota Fortuner 2020,597,55.91,9.37,pluies,urbaine,4.5
A68721_30,A68721,Toyota Fortuner 2020,929,113.56,12.22,pluies,piste,4.5
A68721_31,A68721,Toyota Fortuner 2020,729,90.85,12.46,pluies,piste,4.5
A68721_32,A68721,Toyota Fortuner 2020,229,34.07,14.88,pluies,urbaine,4.5
A68721_33,A68721,Toyota Fortuner 2020,594,89.15,15.01,pluies,urbaine,4.5
A68721_36,A68721,Toyota Fortuner 2020,714,92.67,12.98,pluies,urbaine,4.5
A68721_37,A68721,Toyota Fortuner 2020,428,81.31,19.0,pluies,urbaine,4.5
A68721_38,A68721,Toyota Fortuner 2020,445,88.12,19.8,pluies,mixte,4.5
A68721_39,A68721,Toyota Fortuner 2020,505,66.36,13.14,pluies,urbaine,4.5
A68721_41,A68721,Toyota Fortuner 2020,348,60.57,17.4,pluies,urbaine,4.5
A68721_42,A68721,Toyota Fortuner 2020,425,97.02,22.83,pluies,piste,4.5
A68721_43,A68721,Toyota Fortuner 2020,225,78.21,34.76,pluies,urbaine,4.5
A68721_44,A68721,Toyota Fortuner 2020,493,80.4,16.31,pluies,urbaine,4.5
A68721_45,A68721,Toyota Fortuner 2020,281,60.57,21.55,pluies,urbaine,4.5
A68721_46,A68721,Toyota Fortuner 2020,255,66.81,26.2,pluies,urbaine,4.5
A68721_47,A68721,Toyota Fortuner 2020,507,68.21,13.45,pluies,urbaine,4.5
A68721_48,A68721,Toyota Fortuner 2020,1045,94.64,9.06,pluies,mixte,4.5
A68721_49,A68721,Toyota Fortuner 2020,439,87.22,19.87,pluies,mixte,4.5
A68721_50,A68721,Toyota Fortuner 2020,577,109.78,19.03,pluies,mixte,4.5
A68721_51,A68721,Toyota Fortuner 2020,535,88.01,16.45,pluies,urbaine,4.5
A68721_52,A68721,Toyota Fortuner 2020,374,76.43,20.44,pluies,urbaine,4.5
A68721_53,A68721,Toyota Fortuner 2020,1052,75.71,7.2,pluies,urbaine,4.5
A68721_55,A68721,Toyota Fortuner 2020,625,57.8,9.25,seche,urbaine,4.5
A68721_56,A68721,Toyota Fortuner 2020,198,60.07,30.34,seche,urbaine,4.5
A68721_58,A68721,Toyota Fortuner 2020,273,34.98,12.81,seche,mixte,4.5
A68721_59,A68721,Toyota Fortuner 2020,1646,94.52,5.74,seche,urbaine,4.5
A68721_61,A68721,Toyota Fortuner 2020,334,56.78,17.0,seche,urbaine,4.5
A68721_62,A68721,Toyota Fortuner 2020,838,90.85,10.84,seche,urbaine,4.5
A68721_63,A68721,Toyota Fortuner 2020,641,107.24,16.73,seche,urbaine,4.5
A68721_64,A68721,Toyota Fortuner 2020,423,72.04,17.03,seche,urbaine,4.5
A68721_65,A68721,Toyota Fortuner 2020,549,88.24,16.07,seche,urbaine,4.5
A68721_66,A68721,Toyota Fortuner 2020,432,75.71,17.53,seche,urbaine,4.5
A68721_67,A68721,Toyota Fortuner 2020,254,27.94,11.0,seche,mixte,4.5
A68721_68,A68721,Toyota Fortuner 2020,402,56.78,14.12,seche,mixte,4.5
A68721_69,A68721,Toyota Fortuner 2020,564,80.59,14.29,seche,mixte,4.5
A68721_70,A68721,Toyota Fortuner 2020,332,59.01,17.78,seche,urbaine,4.5
A68721_71,A68721,Toyota Fortuner 2020,560,73.06,13.05,seche,mixte,4.5
A68721_72,A68721,Toyota Fortuner 2020,361,90.85,25.17,seche,urbaine,4.5
A68721_73,A68721,Toyota Fortuner 2020,481,75.71,15.74,seche,mixte,4.5
A68721_74,A68721,Toyota Fortuner 2020,525,90.85,17.3,pluies,urbaine,4.5
A68721_75,A68721,Toyota Fortuner 2020,675,48.42,7.17,pluies,urbaine,4.5
A68721_77,A68721,Toyota Fortuner 2020,1266,89.49,7.07,pluies,piste,4.5
A68721_78,A68721,Toyota Fortuner 2020,334,61.82,18.51,pluies,urbaine,4.5
A68721_79,A68721,Toyota Fortuner 2020,634,75.82,11.96,pluies,mixte,4.5
A68721_80,A68721,Toyota Fortuner 2020,613,92.67,15.12,pluies,urbaine,4.5
A68721_81,A68721,Toyota Fortuner 2020,559,64.69,11.57,pluies,urbaine,4.5
A68721_82,A68721,Toyota Fortuner 2020,366,68.14,18.62,pluies,mixte,4.5
A68721_83,A68721,Toyota Fortuner 2020,283,52.54,18.57,pluies,mixte,4.5
A68721_84,A68721,Toyota Fortuner 2020,309,50.72,16.42,pluies,urbaine,4.5
A68721_85,A68721,Toyota Fortuner 2020,307,56.78,18.5,pluies,urbaine,4.5
A68721_86,A68721,Toyota Fortuner 2020,437,79.53,18.2,pluies,urbaine,4.5
A68721_87,A68721,Toyota Fortuner 2020,403,64.47,16.0,pluies,mixte,4.5
A68721_88,A68721,Toyota Fortuner 2020,484,87.41,18.06,pluies,urbaine,4.5
A68721_89,A68721,Toyota Fortuner 2020,220,68.63,31.2,pluies,urbaine,4.5
A68721_90,A68721,Toyota Fortuner 2020,860,93.01,10.81,pluies,urbaine,4.5
A68721_91,A68721,Toyota Fortuner 2020,369,78.7,21.33,pluies,urbaine,4.5
A68721_92,A68721,Toyota Fortuner 2020,402,61.25,15.24,pluies,urbaine,4.5
A68721_93,A68721,Toyota Fortuner 2020,227,54.06,23.81,pluies,urbaine,4.5
A68721_94,A68721,Toyota Fortuner 2020,298,64.35,21.59,pluies,urbaine,4.5
A68721_96,A68721,Toyota Fortuner 2020,1374,132.49,9.64,pluies,piste,4.5
A68721_97,A68721,Toyota Fortuner 2020,855,71.58,8.37,pluies,urbaine,4.5
A68721_98,A68721,Toyota Fortuner 2020,82,34.98,42.66,pluies,urbaine,4.5
A68721_100,A68721,Toyota Fortuner 2020,404,84.34,20.88,pluies,urbaine,4.5
A68721_101,A68721,Toyota Fortuner 2020,603,70.9,11.76,pluies,mixte,4.5
A68916_2,A68916,Toyota Hardtop 2020,139,55.53,39.95,pluies,urbaine,4.5
A68916_4,A68916,Toyota Hardtop 2020,1297,72.45,5.59,pluies,urbaine,4.5
A68916_6,A68916,Toyota Hardtop 2020,1121,73.74,6.58,seche,urbaine,4.5
A68916_7,A68916,Toyota Hardtop 2020,217,42.17,19.43,seche,urbaine,4.5
A68916_8,A68916,Toyota Hardtop 2020,1108,62.04,5.6,seche,urbaine,4.5
A68916_9,A68916,Toyota Hardtop 2020,1199,78.74,6.57,seche,piste,4.5
A68916_11,A68916,Toyota Hardtop 2020,685,58.83,8.59,seche,piste,4.5
A68916_12,A68916,Toyota Hardtop 2020,561,80.44,14.34,seche,urbaine,4.5
A68916_13,A68916,Toyota Hardtop 2020,171,31.68,18.53,seche,urbaine,4.5
A68916_15,A68916,Toyota Hardtop 2020,1406,71.43,5.08,seche,urbaine,4.5
A68916_16,A68916,Toyota Hardtop 2020,1352,94.64,7.0,seche,urbaine,4.5
A68916_17,A68916,Toyota Hardtop 2020,580,83.28,14.36,seche,urbaine,4.5
A68916_19,A68916,Toyota Hardtop 2020,645,68.74,10.66,seche,urbaine,4.5
A68916_20,A68916,Toyota Hardtop 2020,281,47.92,17.05,seche,urbaine,4.5
A68916_21,A68916,Toyota Hardtop 2020,604,87.06,14.41,seche,mixte,4.5
A68916_22,A68916,Toyota Hardtop 2020,565,66.32,11.74,pluies,urbaine,4.5
A68916_23,A68916,Toyota Hardtop 2020,543,72.11,13.28,pluies,urbaine,4.5
A68916_25,A68916,Toyota Hardtop 2020,302,61.17,20.26,pluies,piste,4.5
A68916_26,A68916,Toyota Hardtop 2020,588,79.15,13.46,pluies,piste,4.5
A68916_27,A68916,Toyota Hardtop 2020,623,50.72,8.14,pluies,piste,4.5
A68916_28,A68916,Toyota Hardtop 2020,488,28.31,5.8,pluies,urbaine,4.5
A68916_30,A68916,Toyota Hardtop 2020,202,74.76,37.01,pluies,urbaine,4.5
A68916_31,A68916,Toyota Hardtop 2020,240,33.39,13.91,pluies,urbaine,4.5
A68916_32,A68916,Toyota Hardtop 2020,313,42.51,13.58,pluies,mixte,4.5
A68916_33,A68916,Toyota Hardtop 2020,808,74.42,9.21,pluies,urbaine,4.5
A68916_35,A68916,Toyota Hardtop 2020,189,23.05,12.2,pluies,mixte,4.5
A68916_36,A68916,Toyota Hardtop 2020,367,75.71,20.63,pluies,urbaine,4.5
A68916_37,A68916,Toyota Hardtop 2020,410,83.28,20.31,pluies,piste,4.5
A68916_38,A68916,Toyota Hardtop 2020,1212,76.43,6.31,pluies,mixte,4.5
A68916_39,A68916,Toyota Hardtop 2020,699,84.6,12.1,pluies,mixte,4.5
A68916_40,A68916,Toyota Hardtop 2020,919,71.58,7.79,pluies,mixte,4.5
A68916_41,A68916,Toyota Hardtop 2020,418,59.73,14.29,pluies,urbaine,4.5
A68916_42,A68916,Toyota Hardtop 2020,659,42.17,6.4,pluies,urbaine,4.5
A68916_43,A68916,Toyota Hardtop 2020,853,85.21,9.99,pluies,urbaine,4.5
A68916_45,A68916,Toyota Hardtop 2020,489,86.12,17.61,seche,urbaine,4.5
A68916_46,A68916,Toyota Hardtop 2020,881,75.71,8.59,seche,urbaine,4.5
A68916_47,A68916,Toyota Hardtop 2020,636,87.06,13.69,seche,urbaine,4.5
A68916_48,A68916,Toyota Hardtop 2020,724,87.06,12.03,seche,piste,4.5
A68916_49,A68916,Toyota Hardtop 2020,442,64.35,14.56,seche,mixte,4.5
A68916_50,A68916,Toyota Hardtop 2020,197,22.71,11.53,seche,mixte,4.5
A68916_51,A68916,Toyota Hardtop 2020,769,98.42,12.8,seche,urbaine,4.5
A68916_52,A68916,Toyota Hardtop 2020,605,83.85,13.86,seche,piste,4.5
A68916_53,A68916,Toyota Hardtop 2020,661,92.93,14.06,seche,piste,4.5
A68916_54,A68916,Toyota Hardtop 2020,549,72.11,13.14,seche,piste,4.5
A68916_55,A68916,Toyota Hardtop 2020,245,50.35,20.55,seche,urbaine,4.5
A68916_56,A68916,Toyota Hardtop 2020,505,67.76,13.42,pluies,urbaine,4.5
A68916_57,A68916,Toyota Hardtop 2020,223,48.68,21.83,pluies,mixte,4.5
A68916_58,A68916,Toyota Hardtop 2020,468,65.11,13.91,pluies,piste,4.5
A68916_59,A68916,Toyota Hardtop 2020,161,39.82,24.73,pluies,piste,4.5
A68916_60,A68916,Toyota Hardtop 2020,453,56.44,12.46,pluies,piste,4.5
A68916_61,A68916,Toyota Hardtop 2020,541,72.98,13.49,pluies,urbaine,4.5
A68916_62,A68916,Toyota Hardtop 2020,412,60.6,14.71,pluies,urbaine,4.5
A68916_63,A68916,Toyota Hardtop 2020,459,65.22,14.21,pluies,urbaine,4.5
A68916_64,A68916,Toyota Hardtop 2020,577,84.34,14.62,pluies,urbaine,4.5
A68916_65,A68916,Toyota Hardtop 2020,419,61.1,14.58,pluies,piste,4.5
A68916_66,A68916,Toyota Hardtop 2020,534,88.81,16.63,pluies,piste,4.5
A68916_67,A68916,Toyota Hardtop 2020,539,77.94,14.46,pluies,mixte,4.5
A68916_68,A68916,Toyota Hardtop 2020,502,85.1,16.95,pluies,urbaine,4.5
A68916_69,A68916,Toyota Hardtop 2020,270,76.84,28.46,pluies,urbaine,4.5
A68916_71,A68916,Toyota Hardtop 2020,1551,89.6,5.78,pluies,piste,4.5
A68916_72,A68916,Toyota Hardtop 2020,598,80.93,13.53,pluies,urbaine,4.5
A68916_74,A68916,Toyota Hardtop 2020,1728,94.71,5.48,pluies,piste,4.5
A68916_75,A68916,Toyota Hardtop 2020,305,47.17,15.46,pluies,mixte,4.5
A68916_78,A68916,Toyota Hardtop 2020,512,87.14,17.02,pluies,piste,4.5
A68916_79,A68916,Toyota Hardtop 2020,547,83.85,15.33,pluies,urbaine,4.5
A69060_2,A69060,Toyota Hardtop 2020,230,71.92,31.27,pluies,urbaine,4.5
A69060_3,A69060,Toyota Hardtop 2020,376,61.63,16.39,pluies,urbaine,4.5
A69060_4,A69060,Toyota Hardtop 2020,355,54.09,15.24,pluies,urbaine,4.5
A69060_5,A69060,Toyota Hardtop 2020,599,68.14,11.38,seche,urbaine,4.5
A69060_6,A69060,Toyota Hardtop 2020,519,68.14,13.13,seche,urbaine,4.5
A69060_7,A69060,Toyota Hardtop 2020,357,49.85,13.96,seche,urbaine,4.5
A69060_8,A69060,Toyota Hardtop 2020,559,69.16,12.37,seche,urbaine,4.5
A69060_10,A69060,Toyota Hardtop 2020,923,73.25,7.94,seche,urbaine,4.5
A69060_11,A69060,Toyota Hardtop 2020,417,49.59,11.89,seche,urbaine,4.5
A69060_12,A69060,Toyota Hardtop 2020,669,86.53,12.93,seche,urbaine,4.5
A69060_13,A69060,Toyota Hardtop 2020,312,43.08,13.81,seche,urbaine,4.5
A69060_17,A69060,Toyota Hardtop 2020,646,80.67,12.49,seche,urbaine,4.5
A69060_20,A69060,Toyota Hardtop 2020,510,66.43,13.03,pluies,urbaine,4.5
A69060_21,A69060,Toyota Hardtop 2020,265,38.12,14.38,pluies,urbaine,4.5
A69060_24,A69060,Toyota Hardtop 2020,298,56.78,19.05,pluies,urbaine,4.5
A69060_25,A69060,Toyota Hardtop 2020,296,18.93,6.39,pluies,urbaine,4.5
A69060_26,A69060,Toyota Hardtop 2020,321,32.93,10.26,pluies,urbaine,4.5
A69060_27,A69060,Toyota Hardtop 2020,294,76.35,25.97,pluies,urbaine,4.5
A69060_28,A69060,Toyota Hardtop 2020,708,69.27,9.78,pluies,urbaine,4.5
A69060_29,A69060,Toyota Hardtop 2020,184,34.26,18.62,pluies,urbaine,4.5
A69060_31,A69060,Toyota Hardtop 2020,1382,264.98,19.17,pluies,urbaine,4.5
A69060_33,A69060,Toyota Hardtop 2020,438,62.5,14.27,pluies,urbaine,4.5
A69060_34,A69060,Toyota Hardtop 2020,451,68.14,15.11,pluies,urbaine,4.5
A69060_35,A69060,Toyota Hardtop 2020,587,69.58,11.85,pluies,urbaine,4.5
A69060_36,A69060,Toyota Hardtop 2020,452,49.21,10.89,pluies,urbaine,4.5
A69060_37,A69060,Toyota Hardtop 2020,412,56.78,13.78,pluies,urbaine,4.5
A69060_38,A69060,Toyota Hardtop 2020,348,53.0,15.23,pluies,urbaine,4.5
A69060_39,A69060,Toyota Hardtop 2020,582,78.74,13.53,pluies,urbaine,4.5
A69060_40,A69060,Toyota Hardtop 2020,525,73.17,13.94,pluies,urbaine,4.5
A69060_41,A69060,Toyota Hardtop 2020,436,61.85,14.19,pluies,urbaine,4.5
A69060_42,A69060,Toyota Hardtop 2020,307,172.31,56.13,pluies,urbaine,4.5
A69060_43,A69060,Toyota Hardtop 2020,189,22.86,12.1,pluies,urbaine,4.5
A69060_44,A69060,Toyota Hardtop 2020,963,137.6,14.29,pluies,urbaine,4.5
A69060_45,A69060,Toyota Hardtop 2020,1051,121.51,11.56,seche,urbaine,4.5
A69060_46,A69060,Toyota Hardtop 2020,937,76.84,8.2,seche,urbaine,4.5
A69060_47,A69060,Toyota Hardtop 2020,701,93.42,13.33,seche,urbaine,4.5
A69060_48,A69060,Toyota Hardtop 2020,283,51.71,18.27,seche,mixte,4.5
A69060_49,A69060,Toyota Hardtop 2020,427,62.19,14.57,seche,urbaine,4.5
A69060_50,A69060,Toyota Hardtop 2020,341,52.69,15.45,seche,mixte,4.5
A69060_51,A69060,Toyota Hardtop 2020,337,57.27,17.0,seche,mixte,4.5
A69060_52,A69060,Toyota Hardtop 2020,552,72.68,13.17,seche,mixte,4.5
A69060_53,A69060,Toyota Hardtop 2020,565,82.22,14.55,seche,mixte,4.5
A69060_54,A69060,Toyota Hardtop 2020,418,70.26,16.81,pluies,mixte,4.5
A69060_57,A69060,Toyota Hardtop 2020,427,63.03,14.76,pluies,mixte,4.5
A69060_58,A69060,Toyota Hardtop 2020,370,55.08,14.89,pluies,mixte,4.5
A69060_59,A69060,Toyota Hardtop 2020,336,53.45,15.91,pluies,urbaine,4.5
A69060_60,A69060,Toyota Hardtop 2020,455,71.96,15.82,pluies,urbaine,4.5
A69060_61,A69060,Toyota Hardtop 2020,375,63.97,17.06,pluies,mixte,4.5
A69060_62,A69060,Toyota Hardtop 2020,514,70.79,13.77,pluies,mixte,4.5
A69060_63,A69060,Toyota Hardtop 2020,444,61.89,13.94,pluies,mixte,4.5
A69060_64,A69060,Toyota Hardtop 2020,393,65.71,16.72,pluies,mixte,4.5
A69060_65,A69060,Toyota Hardtop 2020,331,56.48,17.06,pluies,mixte,4.5
A69060_66,A69060,Toyota Hardtop 2020,476,76.39,16.05,pluies,urbaine,4.5
A69060_67,A69060,Toyota Hardtop 2020,585,73.93,12.64,pluies,urbaine,4.5
A69060_68,A69060,Toyota Hardtop 2020,367,67.04,18.27,pluies,urbaine,4.5
A69060_69,A69060,Toyota Hardtop 2020,844,71.73,8.5,pluies,mixte,4.5
A69060_71,A69060,Toyota Hardtop 2020,1338,72.38,5.41,pluies,piste,4.5
A69060_72,A69060,Toyota Hardtop 2020,592,77.41,13.08,pluies,urbaine,4.5
A69060_73,A69060,Toyota Hardtop 2020,135,27.18,20.13,pluies,urbaine,4.5
A69431_1,A69431,Toyota Hardtop 2020,170,35.96,21.15,seche,mixte,4.5
A69431_2,A69431,Toyota Hardtop 2020,938,52.73,5.62,seche,urbaine,4.5
A69431_3,A69431,Toyota Hardtop 2020,250,29.94,11.98,seche,mixte,4.5
A69431_5,A69431,Toyota Hardtop 2020,798,98.42,12.33,pluies,urbaine,4.5
A69431_6,A69431,Toyota Hardtop 2020,678,84.34,12.44,pluies,urbaine,4.5
A69431_7,A69431,Toyota Hardtop 2020,624,81.54,13.07,pluies,mixte,4.5
A69431_8,A69431,Toyota Hardtop 2020,807,97.36,12.06,pluies,mixte,4.5
A69431_9,A69431,Toyota Hardtop 2020,593,96.98,16.35,pluies,urbaine,4.5
A69431_10,A69431,Toyota Hardtop 2020,599,75.82,12.66,pluies,mixte,4.5
A69431_11,A69431,Toyota Hardtop 2020,231,25.02,10.83,pluies,urbaine,4.5
A69431_12,A69431,Toyota Hardtop 2020,505,75.71,14.99,pluies,mixte,4.5
A69431_13,A69431,Toyota Hardtop 2020,570,91.11,15.99,pluies,mixte,4.5
A69431_14,A69431,Toyota Hardtop 2020,704,53.53,7.6,pluies,urbaine,4.5
A69431_15,A69431,Toyota Hardtop 2020,493,94.64,19.2,pluies,urbaine,4.5
A69431_16,A69431,Toyota Hardtop 2020,619,77.71,12.55,pluies,urbaine,4.5
A69431_17,A69431,Toyota Hardtop 2020,399,56.29,14.11,pluies,mixte,4.5
A69431_18,A69431,Toyota Hardtop 2020,512,75.48,14.74,pluies,urbaine,4.5
A69431_19,A69431,Toyota Hardtop 2020,840,94.64,11.27,pluies,urbaine,4.5
A69431_22,A69431,Toyota Hardtop 2020,234,64.54,27.58,pluies,urbaine,4.5
A69431_23,A69431,Toyota Hardtop 2020,421,58.75,13.95,pluies,urbaine,4.5
A69431_24,A69431,Toyota Hardtop 2020,952,74.84,7.86,pluies,mixte,4.5
A69431_25,A69431,Toyota Hardtop 2020,833,104.7,12.57,pluies,mixte,4.5
A69431_26,A69431,Toyota Hardtop 2020,804,85.17,10.59,pluies,urbaine,4.5
A69431_27,A69431,Toyota Hardtop 2020,490,83.28,17.0,pluies,mixte,4.5
A69431_28,A69431,Toyota Hardtop 2020,578,67.91,11.75,pluies,urbaine,4.5
A69431_29,A69431,Toyota Hardtop 2020,467,82.52,17.67,pluies,urbaine,4.5
A69431_30,A69431,Toyota Hardtop 2020,650,76.01,11.69,pluies,urbaine,4.5
A69431_31,A69431,Toyota Hardtop 2020,751,90.93,12.11,pluies,urbaine,4.5
A69431_32,A69431,Toyota Hardtop 2020,188,24.45,13.01,pluies,urbaine,4.5
A69431_34,A69431,Toyota Hardtop 2020,403,49.97,12.4,pluies,urbaine,4.5
A69431_35,A69431,Toyota Hardtop 2020,466,72.76,15.61,pluies,urbaine,4.5
A69431_37,A69431,Toyota Hardtop 2020,228,26.5,11.62,pluies,mixte,4.5
A69431_38,A69431,Toyota Hardtop 2020,561,45.05,8.03,pluies,urbaine,4.5
A69431_39,A69431,Toyota Hardtop 2020,228,40.81,17.9,pluies,urbaine,4.5
A69431_40,A69431,Toyota Hardtop 2020,641,84.26,13.15,seche,urbaine,4.5
A69431_41,A69431,Toyota Hardtop 2020,582,69.54,11.95,seche,mixte,4.5
A69431_42,A69431,Toyota Hardtop 2020,827,103.99,12.57,seche,mixte,4.5
A69431_43,A69431,Toyota Hardtop 2020,349,39.07,11.19,seche,urbaine,4.5
A69431_44,A69431,Toyota Hardtop 2020,1532,104.74,6.84,seche,urbaine,4.5
A69431_47,A69431,Toyota Hardtop 2020,482,80.1,16.62,seche,urbaine,4.5
A69431_48,A69431,Toyota Hardtop 2020,474,87.37,18.43,pluies,urbaine,4.5
A69431_49,A69431,Toyota Hardtop 2020,336,41.64,12.39,pluies,urbaine,4.5
A69431_52,A69431,Toyota Hardtop 2020,454,79.49,17.51,pluies,piste,4.5
A69431_53,A69431,Toyota Hardtop 2020,961,91.34,9.5,pluies,piste,4.5
A69431_55,A69431,Toyota Hardtop 2020,388,53.19,13.71,pluies,mixte,4.5
A69431_59,A69431,Toyota Hardtop 2020,420,52.69,12.55,pluies,urbaine,4.5
A69431_60,A69431,Toyota Hardtop 2020,570,86.84,15.23,pluies,urbaine,4.5
A69431_63,A69431,Toyota Hardtop 2020,1268,75.71,5.97,seche,urbaine,4.5
A69431_66,A69431,Toyota Hardtop 2020,802,94.64,11.8,seche,urbaine,4.5
A69431_67,A69431,Toyota Hardtop 2020,472,68.59,14.53,seche,urbaine,4.5
A69431_68,A69431,Toyota Hardtop 2020,482,64.35,13.35,seche,urbaine,4.5
A69431_69,A69431,Toyota Hardtop 2020,732,99.82,13.64,seche,urbaine,4.5
A69431_70,A69431,Toyota Hardtop 2020,556,71.05,12.78,seche,urbaine,4.5
A69431_71,A69431,Toyota Hardtop 2020,360,56.78,15.77,seche,urbaine,4.5
A69431_73,A69431,Toyota Hardtop 2020,388,79.04,20.37,seche,urbaine,4.5
A69431_74,A69431,Toyota Hardtop 2020,605,86.35,14.27,pluies,urbaine,4.5
A69431_75,A69431,Toyota Hardtop 2020,508,68.86,13.55,pluies,urbaine,4.5
A69431_76,A69431,Toyota Hardtop 2020,591,85.21,14.42,pluies,urbaine,4.5
A69431_77,A69431,Toyota Hardtop 2020,602,85.55,14.21,pluies,urbaine,4.5
A69431_78,A69431,Toyota Hardtop 2020,508,70.64,13.9,pluies,urbaine,4.5
A69431_79,A69431,Toyota Hardtop 2020,642,94.64,14.74,pluies,urbaine,4.5
A69431_80,A69431,Toyota Hardtop 2020,505,73.44,14.54,pluies,mixte,4.5
A69431_81,A69431,Toyota Hardtop 2020,341,60.95,17.87,pluies,urbaine,4.5
A69431_82,A69431,Toyota Hardtop 2020,398,52.58,13.21,pluies,urbaine,4.5
A69431_83,A69431,Toyota Hardtop 2020,738,73.93,10.02,pluies,urbaine,4.5
A69431_84,A69431,Toyota Hardtop 2020,667,73.47,11.02,pluies,urbaine,4.5
A69431_85,A69431,Toyota Hardtop 2020,536,89.87,16.77,pluies,urbaine,4.5
A69431_86,A69431,Toyota Hardtop 2020,376,54.77,14.57,pluies,urbaine,4.5
A69431_88,A69431,Toyota Hardtop 2020,753,204.41,27.15,pluies,urbaine,4.5
A69431_89,A69431,Toyota Hardtop 2020,261,41.34,15.84,pluies,mixte,4.5
A69431_90,A69431,Toyota Hardtop 2020,1517,86.8,5.72,pluies,piste,4.5
A69431_91,A69431,Toyota Hardtop 2020,657,83.51,12.71,pluies,mixte,4.5
A69431_92,A69431,Toyota Hardtop 2020,976,75.71,7.76,pluies,urbaine,4.5
